source,score1,target,score2,msp2,score3,msp3
Mike Scott,1.242,Wilson Chandler,1.24,Chris Paul,1.24,Bradley Beal
Al Horford,1.244,Marreese Speights,1.219,Kawhi Leonard,1.215,LeBron James
Mike Muscala,1.168,Jae Crowder,1.166,CJ Miles,1.15,Kyrie Irving
Kent Bazemore,1.191,Quincy Pondexter,1.185,Kobe Bryant,1.183,Paul Pierce
Paul Millsap,1.253,Kyle Lowry,1.241,Rodney Stuckey,1.237,Jerryd Bayless
Thabo Sefolosha,1.111,Dorell Wright,1.101,Jose Calderon,1.05,Carmelo Anthony
Pero Antic,1.092,Marcus Thornton,1.064,Erick Green,1.052,Leandro Barbosa
Dennis Schroder,1.236,Joe Johnson,1.231,Paul Millsap,1.228,Tobias Harris
Jeff Teague,1.235,Tobias Harris,1.231,Russell Westbrook,1.23,Deron Williams
DeMarre Carroll,1.235,Josh Smith,1.219,Deron Williams,1.218,Lou Williams
Shelvin Mack,1.157,Michael CarterWilliams,1.154,Khris Middleton,1.154,Jodie Meeks
Kyle Korver,1.163,Marcus Smart,1.155,Brandon Jennings,1.146,Chase Budinger
John Jenkins,1.115,Doug McDermott,1.101,Richard Jefferson,1.081,Robbie Hummel
Austin Daye,1.107,Donald Sloan,1.07,George Hill,1.063,CJ Miles
Elton Brand,1.126,Aron Baynes,1.109,Robert Sacre,1.109,Nerlens Noel
Adreian Payne,1.185,Tyler Zeller,1.184,Anthony Davis,1.183,Kevin Seraphin
Gerald Henderson,1.263,Rudy Gay,1.253,Jimmy Butler,1.253,Jamal Crawford
Bismack Biyombo,1.219,James Michael McAdoo,1.084,Steven Adams,1.064,Tyson Chandler
Cody Zeller,1.12,Al Horford,1.097,Tim Duncan,1.075,Rodney Hood
Michael KiddGilchrist,1.259,Anthony Davis,1.249,Chris Kaman,1.239,Carl Landry
Lance Stephenson,1.226,Reggie Jackson,1.224,Andrew Wiggins,1.219,Jrue Holiday
Noah Vonleh,0.959,KJ McDaniels,0.944,Nerlens Noel,0.939,Andre Drummond
Kemba Walker,1.24,Wesley Matthews,1.24,Kobe Bryant,1.235,Kevin Love
Gary Neal,1.208,Chris Bosh,1.19,Chris Paul,1.188,Deron Williams
Mo Williams,1.254,Rodney Stuckey,1.248,Chris Paul,1.239,Trey Burke
PJ Hairston,1.109,Hollis Thompson,1.091,Caron Butler,1.078,Jordan Clarkson
Marvin Williams,1.224,Evan Fournier,1.198,Mike Dunleavy,1.196,Eric Bledsoe
Jeff Taylor,1.104,Evan Fournier,1.084,Marvin Williams,1.081,Vince Carter
Jason Maxiell,1.099,Anthony Davis,1.094,Roy Hibbert,1.092,Robert Sacre
Brian Roberts,1.226,Mo Williams,1.219,Chris Paul,1.206,Trey Burke
Al Jefferson,1.2,Blake Griffin,1.183,Dwyane Wade,1.178,Khris Middleton
Jannero Pargo,0.79,Kyle Singler,0.782,Jordan Farmar,0.776,Robbie Hummel
Troy Daniels,1.038,Doug McDermott,1.003,Shawne Williams,0.942,Larry Drew
Jeff Green,1.253,Rodney Stuckey,1.252,Andrew Wiggins,1.247,Wilson Chandler
James Young,1.044,Elijah Millsap,1.032,Tony Snell,1.023,Willie Green
Marcus Smart,1.206,Courtney Lee,1.205,Derrick Williams,1.199,Jae Crowder
Avery Bradley,1.214,Joe Ingles,1.202,Terrence Ross,1.193,Mario Chalmers
Gerald Wallace,0.988,Ian Clark,0.887,Jeremy Evans,0.879,Joey Dorsey
Brandon Bass,1.219,Blake Griffin,1.212,Rudy Gay,1.211,Tobias Harris
Dwight Powell,1.003,Tayshaun Prince,0.995,Garrett Temple,0.992,Damian Lillard
Kelly Olynyk,1.22,Otto Porter,1.196,Kawhi Leonard,1.187,Jameer Nelson
Jonas Jerebko,1.187,Jared Sullinger,1.184,Tim Hardaway Jr,1.182,Kent Bazemore
Tyler Zeller,1.208,Kevin Seraphin,1.208,Brook Lopez,1.206,Michael KiddGilchrist
Jae Crowder,1.243,Serge Ibaka,1.235,Jimmy Butler,1.235,Andrew Wiggins
Evan Turner,1.241,Otto Porter,1.239,Reggie Jackson,1.239,Chris Bosh
Phil Pressey,1.056,Jared Sullinger,1.052,Luis Scola,1.052,Gary Harris
Rajon Rondo,1.223,Monta Ellis,1.22,Russell Westbrook,1.22,Jodie Meeks
Jared Sullinger,1.256,Kobe Bryant,1.248,Anthony Morrow,1.241,Kyrie Irving
Tayshaun Prince,1.215,Carmelo Anthony,1.21,Kyrie Irving,1.204,Serge Ibaka
Gigi Datome,1.091,Johnny OBryant,1.077,Jose Calderon,1.047,Gerald Henderson
Marcus Thornton,1.178,Wesley Johnson,1.17,Anthony Morrow,1.151,Devin Harris
Isaiah Thomas,1.246,Kyrie Irving,1.241,Mario Chalmers,1.239,Klay Thompson
Jameer Nelson,1.214,Isaiah Thomas,1.2,Kawhi Leonard,1.195,LeBron James
Brandan Wright,1.174,Shaun Livingston,1.15,Marcin Gortat,1.139,Zaza Pachulia
Shavlik Randolph,0.978,AlFarouq Aminu,0.927,Ronnie Price,0.917,Kyle Anderson
Mason Plumlee,1.191,John Henson,1.086,Robin Lopez,1.084,Festus Ezeli
Cory Jefferson,1.147,Alexis Ajinca,1.132,Patrick Patterson,1.123,Gorgui Dieng
Brook Lopez,1.262,Anthony Davis,1.254,Chris Kaman,1.242,Marc Gasol
Jerome Jordan,1.017,Furkan Aldemir,0.995,Omer Asik,0.993,JaVale McGee
Kevin Garnett,1.206,Marc Gasol,1.191,Marreese Speights,1.189,Lavoy Allen
Markel Brown,1.112,Brandon Knight,1.109,Quincy Acy,1.109,Matt Bonner
Deron Williams,1.266,Chris Paul,1.266,Chris Bosh,1.263,Kevin Durant
Mirza Teletovic,1.135,Kirk Hinrich,1.088,Darrell Arthur,1.075,Derrick Rose
Jarrett Jack,1.262,Reggie Jackson,1.254,Rudy Gay,1.254,Luol Deng
Joe Johnson,1.26,Tony Parker,1.251,Dwyane Wade,1.246,Tobias Harris
Bojan Bogdanovic,1.217,Klay Thompson,1.205,Gordon Hayward,1.204,Mike Conley
Thaddeus Young,1.251,Jimmy Butler,1.246,Reggie Jackson,1.242,Greivis Vasquez
Alan Anderson,1.24,Andrew Wiggins,1.217,Jrue Holiday,1.216,Reggie Jackson
Darius Morris,1.047,Mike Scott,1.035,Danny Granger,1.03,Gerald Green
Brandon Davies,1.146,Zaza Pachulia,1.138,Michael KiddGilchrist,1.134,Lance Stephenson
Sergey Karasev,1.086,Justin Holiday,1.063,Ryan Anderson,1.053,Jordan Clarkson
Earl Clark,1.115,Joffrey Lauvergne,1.104,Elliot Williams,1.074,Malcolm Thomas
Jorge Gutierrez,0.947,David West,0.942,Darrell Arthur,0.93,Langston Galloway
Andrei Kirilenko,0.581,Lucas Nogueira,0.522,Bernard James,0.459,Clint Capela
Nikola Mirotic,1.179,Tony Snell,1.161,Darren Collison,1.157,Monta Ellis
Pau Gasol,1.235,Zach Randolph,1.225,Eric Bledsoe,1.222,Rudy Gay
Jimmy Butler,1.279,Kevin Durant,1.272,Andrew Wiggins,1.265,Serge Ibaka
Taj Gibson,1.224,Robert Sacre,1.216,Anthony Davis,1.216,Amare Stoudemire
Nazr Mohammed,1.082,Tiago Splitter,1.026,Joel Anthony,0.882,Jeremy Evans
ETwaun Moore,1.143,Al Jefferson,1.13,Kelly Olynyk,1.124,Reggie Jackson
Joakim Noah,1.093,Brook Lopez,1.082,Kemba Walker,1.076,Wesley Matthews
Derrick Rose,1.251,LeBron James,1.245,Austin Rivers,1.239,LaMarcus Aldridge
Aaron Brooks,1.223,Reggie Jackson,1.222,Joe Johnson,1.218,Ty Lawson
Tony Snell,1.194,Monta Ellis,1.179,Nikola Mirotic,1.166,CJ Miles
Doug McDermott,1.115,John Jenkins,1.065,Aaron Gordon,1.038,Troy Daniels
Kirk Hinrich,1.18,OJ Mayo,1.179,Dante Cunningham,1.168,Gerald Henderson
Mike Dunleavy,1.198,Marvin Williams,1.195,Terrence Ross,1.186,CJ Watson
Cameron Bairstow,0.857,Malcolm Thomas,0.81,Dahntay Jones,0.777,Alex Kirk
JaVale McGee,1.102,Omer Asik,1.1,Andre Drummond,0.997,Kendrick Perkins
Alonzo Gee,1.034,Richard Jefferson,1.017,Elijah Millsap,1.016,Kostas Papanikolaou
Timofey Mozgov,1.212,Giannis Antetokounmpo,1.176,Gordon Hayward,1.165,Shane Larkin
Kenneth Faried,1.193,Tim Duncan,1.159,Henry Sims,1.148,Al Horford
Will Barton,1.21,Tobias Harris,1.208,Austin Rivers,1.207,Kemba Walker
JJ Hickson,1.139,Anthony Davis,1.134,Kevin Seraphin,1.129,Michael CarterWilliams
Wilson Chandler,1.263,Goran Dragic,1.255,Bradley Beal,1.248,Zach LaVine
Joffrey Lauvergne,1.128,Dahntay Jones,1.115,Earl Clark,1.113,Malcolm Thomas
Arron Afflalo,1.254,Chris Bosh,1.243,JJ Redick,1.236,Terrence Ross
Darrell Arthur,1.195,Zach LaVine,1.187,JJ Redick,1.183,Kevin Garnett
Ty Lawson,1.253,Carmelo Anthony,1.25,Bradley Beal,1.243,Deron Williams
Jusuf Nurkic,1.122,Jonas Valanciunas,1.116,TJ Warren,1.106,Shaun Livingston
Danilo Gallinari,1.209,Kevin Durant,1.196,OJ Mayo,1.194,Rudy Gay
Gary Harris,1.131,DJ Augustin,1.126,Avery Bradley,1.123,Quincy Acy
Erick Green,1.145,Derrick Rose,1.138,Austin Rivers,1.13,Jarrett Jack
Randy Foye,1.118,Damjan Rudez,1.098,Stephen Curry,1.094,James Harden
Nate Robinson,1.155,LeBron James,1.15,Gerald Henderson,1.143,Kyle Singler
Ian Clark,0.988,Kostas Papanikolaou,0.988,Gerald Wallace,0.969,Zoran Dragic
Jamaal Franklin,0.405,David Stockton,0.227,Paul George,0.217,Victor Claver
Tyson Chandler,1.102,Nerlens Noel,1.064,Bismack Biyombo,1.047,Marcin Gortat
AlFarouq Aminu,1.111,Luke Ridnour,1.103,Danilo Gallinari,1.102,Gordon Hayward
Charlie Villanueva,1.14,Jose Juan Barea,1.134,Rodney Stuckey,1.119,Solomon Hill
Amare Stoudemire,1.216,Taj Gibson,1.204,Kosta Koufos,1.197,Marcin Gortat
Richard Jefferson,1.194,Will Barton,1.172,Eric Gordon,1.147,Alec Burks
Bernard James,1.234,Clint Capela,1.144,Rudy Gobert,1.094,Zoran Dragic
Dirk Nowitzki,1.256,Markieff Morris,1.253,JJ Redick,1.252,Serge Ibaka
Jose Juan Barea,1.257,Rodney Stuckey,1.257,Kyrie Irving,1.249,Markieff Morris
Devin Harris,1.19,Austin Rivers,1.175,Kyle OQuinn,1.167,Eric Bledsoe
Chandler Parsons,1.229,Deron Williams,1.222,Brandon Knight,1.219,Tobias Harris
Monta Ellis,1.254,Jimmy Butler,1.247,Jodie Meeks,1.246,Tobias Harris
Raymond Felton,1.085,Rodney Hood,1.021,Tristan Thompson,1.018,Serge Ibaka
Ricky Ledo,1.019,Jerami Grant,0.94,Doug McDermott,0.903,Joe Harris
Greg Smith,1.1,Joey Dorsey,1.013,Rudy Gobert,1.009,Tony Wroten
Andrew Bogut,1.219,Ed Davis,1.216,Cole Aldrich,1.127,Steven Adams
Festus Ezeli,1.14,Nick Calathes,1.092,Jonas Valanciunas,1.084,Mason Plumlee
Shaun Livingston,1.195,Anthony Davis,1.19,Zaza Pachulia,1.178,Marcin Gortat
Andre Iguodala,1.217,CJ Miles,1.216,James Harden,1.212,Andrew Wiggins
Justin Holiday,1.159,Derrick Williams,1.151,Marcus Smart,1.146,Shawne Williams
Harrison Barnes,1.251,Bradley Beal,1.248,Jimmy Butler,1.244,Kevin Durant
Klay Thompson,1.269,Gordon Hayward,1.263,Mike Conley,1.26,Jimmy Butler
Marreese Speights,1.244,Al Horford,1.222,Kyrie Irving,1.218,Dwyane Wade
David Lee,1.187,Michael CarterWilliams,1.185,Brook Lopez,1.18,Tyler Zeller
Draymond Green,1.214,Courtney Lee,1.204,Harrison Barnes,1.203,Shane Larkin
Stephen Curry,1.259,Marcus Morris,1.254,Terrence Ross,1.254,Mario Chalmers
James Michael McAdoo,1.219,Bismack Biyombo,1.012,Tyson Chandler,0.969,Steven Adams
Leandro Barbosa,1.224,Bradley Beal,1.208,Mike Conley,1.203,Russell Westbrook
Brandon Rush,0.942,Jeff Taylor,0.899,Luc Mbah a Moute,0.892,Larry Drew
Ognjen Kuzmic,0.998,Jusuf Nurkic,0.851,TJ Warren,0.844,Jonas Valanciunas
Tristan Thompson,1.158,Shaun Livingston,1.125,Jonas Valanciunas,1.112,Brandan Wright
Iman Shumpert,1.186,Kentavious CaldwellPope,1.173,Eric Bledsoe,1.17,Brian Roberts
Kevin Love,1.243,LeBron James,1.24,Wesley Matthews,1.237,Terrence Ross
JR Smith,1.233,Kyle Lowry,1.23,Paul Millsap,1.224,Eric Bledsoe
Shawn Marion,1.128,Steven Adams,1.122,Donatas Motiejunas,1.113,Reggie Jackson
LeBron James,1.26,LaMarcus Aldridge,1.26,John Wall,1.258,Kobe Bryant
Kendrick Perkins,1.201,Andre Drummond,1.14,Greg Monroe,1.122,JJ Hickson
Kyrie Irving,1.262,Deron Williams,1.26,Jimmy Butler,1.258,Klay Thompson
James Jones,1.007,Solomon Hill,0.924,Patrick Christopher,0.924,Anthony Morrow
Matthew Dellavedova,1.166,Anthony Morrow,1.161,Mario Chalmers,1.161,Klay Thompson
Dion Waiters,1.231,Mario Chalmers,1.228,Terrence Ross,1.22,Bradley Beal
Joe Harris,1.011,Andre Roberson,0.989,Jordan Farmar,0.966,Jerami Grant
Will Cherry,1.044,Miroslav Raduljica,0.884,Sim Bhullar,0.819,Russ Smith
AJ Price,1.099,Mo Williams,1.099,Chris Paul,1.08,Cory Joseph
Anderson Varejao,1.174,Robert Sacre,1.148,Taj Gibson,1.145,Jeff Withey
Brendan Haywood,0.907,Darius Morris,0.865,Ish Smith,0.862,Robin Lopez
Lou Amundson,1.18,Jonas Valanciunas,1.159,Corey Brewer,1.146,Marcin Gortat
Mike Miller,0.949,Jeff Taylor,0.936,Trevor Ariza,0.929,Jonas Jerebko
Alex Kirk,0.968,Glen Rice Jr,0.898,David Stockton,0.862,Toure Murry
Wesley Johnson,1.224,Brandon Knight,1.218,PJ Tucker,1.216,Quincy Acy
Ed Davis,1.25,Cole Aldrich,1.219,Andrew Bogut,1.12,Steven Adams
Jordan Clarkson,1.24,Lou Williams,1.24,Kevin Martin,1.235,Andrew Wiggins
Tarik Black,1.149,Joey Dorsey,1.115,Rudy Gobert,1.09,Reggie Evans
Jabari Brown,1.117,Donald Sloan,1.1,CJ Miles,1.091,Greivis Vasquez
Ryan Kelly,1.176,Derrick Williams,1.174,Andrew Wiggins,1.172,DeMarre Carroll
Wayne Ellington,1.211,James Harden,1.204,Kentavious CaldwellPope,1.2,Jeff Teague
Ronnie Price,1.154,Kyle Anderson,1.088,Spencer Dinwiddie,1.062,JaKarr Sampson
Nick Young,1.174,Eric Bledsoe,1.16,Trey Burke,1.159,Courtney Lee
Jordan Hill,1.242,Marc Gasol,1.241,Jerryd Bayless,1.235,DeMarcus Cousins
Vander Blue,0.834,Earl Clark,0.74,Luke Babbitt,0.729,Hedo Turkoglu
Kobe Bryant,1.258,LeBron James,1.256,Jared Sullinger,1.254,Wesley Matthews
Jeremy Lin,1.223,Dennis Schroder,1.213,Kyrie Irving,1.212,LeBron James
Carlos Boozer,1.264,Chris Kaman,1.236,Anthony Davis,1.235,Michael KiddGilchrist
Robert Sacre,1.24,Anthony Davis,1.232,Brook Lopez,1.224,Taj Gibson
Dwight Buycks,0.884,Damjan Rudez,0.842,Henry Walker,0.839,Robert Covington
Julius Randle,0.657,Shavlik Randolph,0.656,Nazr Mohammed,0.585,Nick Collison
Xavier Henry,0.889,Furkan Aldemir,0.78,Dorell Wright,0.754,Louis Williams
Gorgui Dieng,1.198,Brook Lopez,1.19,Markieff Morris,1.181,Hassan Whiteside
Zach LaVine,1.248,Wilson Chandler,1.238,JJ Redick,1.237,Eric Bledsoe
Andrew Wiggins,1.272,Jimmy Butler,1.268,Josh Smith,1.257,Jodie Meeks
Chase Budinger,1.23,Reggie Jackson,1.225,LeBron James,1.22,Jrue Holiday
Justin Hamilton,1.203,Trevor Booker,1.146,Joe Johnson,1.139,DJ Augustin
Shabazz Muhammad,1.212,Jordan Clarkson,1.211,Kevin Martin,1.208,Zach Randolph
Kevin Martin,1.251,Russell Westbrook,1.242,Lou Williams,1.24,Jordan Clarkson
Corey Brewer,1.211,CJ Watson,1.21,Monta Ellis,1.203,James Harden
Lorenzo Brown,1.081,Wesley Matthews,1.081,Jared Sullinger,1.08,Kobe Bryant
Anthony Bennett,1.111,Mike Dunleavy,1.097,Blake Griffin,1.083,Marvin Williams
Sean Kilpatrick,1.099,Bruno Caboclo,1.025,Toney Douglas,1.016,Larry Drew
Nikola Pekovic,1.057,Miles Plumlee,1.044,Austin Rivers,1.029,John Wall
Ricky Rubio,1.126,Beno Udrih,1.122,Jared Dudley,1.111,Shane Larkin
Jeff Adrien,1.003,Larry Sanders,0.964,Kendrick Perkins,0.964,Greg Monroe
Glenn Robinson,1.018,Wilson Chandler,0.981,Pero Antic,0.974,Greg Smith
Robbie Hummel,1.109,Tyreke Evans,1.092,Zach LaVine,1.088,Ben McLemore
Arinze Onuaku,1.087,Miroslav Raduljica,1.012,Joey Dorsey,0.994,Greg Smith
Miroslav Raduljica,1.087,Arinze Onuaku,1.044,Will Cherry,0.868,Sim Bhullar
Carmelo Anthony,1.264,Serge Ibaka,1.26,Kevin Durant,1.26,Deron Williams
Samuel Dalembert,1.193,Spencer Dinwiddie,1.157,Aron Baynes,1.154,Robin Lopez
Quincy Acy,1.216,Wesley Johnson,1.201,Chris Bosh,1.195,Mike Conley
Tim Hardaway Jr,1.242,Bradley Beal,1.232,Jared Sullinger,1.223,Luol Deng
Cleanthony Early,1.105,Jae Crowder,1.091,Monta Ellis,1.084,Marcus Morris
Jason Smith,1.242,Kawhi Leonard,1.239,Gordon Hayward,1.236,Jodie Meeks
Travis Wear,1.175,Kobe Bryant,1.163,Wesley Matthews,1.147,Jamal Crawford
Shane Larkin,1.226,Isaiah Thomas,1.224,Norris Cole,1.223,Mario Chalmers
Andrea Bargnani,1.224,John Wall,1.218,Rodney Hood,1.214,Ty Lawson
Langston Galloway,1.239,Paul Pierce,1.205,JJ Redick,1.205,Arron Afflalo
Cole Aldrich,1.25,Ed Davis,1.216,Andrew Bogut,1.15,Steven Adams
Alexey Shved,1.147,John Wall,1.142,Patty Mills,1.121,LeBron James
Lance Thomas,1.245,Marc Gasol,1.241,DeMar DeRozan,1.234,Kawhi Leonard
Pablo Prigioni,1.146,Nicolas Batum,1.122,Marcus Smart,1.118,Jordan Clarkson
Jose Calderon,1.138,Carmelo Anthony,1.128,Luol Deng,1.113,Harrison Barnes
Andre Drummond,1.201,Kendrick Perkins,1.115,Greg Monroe,1.1,JaVale McGee
Joel Anthony,1.076,Tiago Splitter,1.039,Festus Ezeli,1.026,Nazr Mohammed
Kentavious CaldwellPope,1.253,Bradley Beal,1.247,Markieff Morris,1.246,James Harden
Greg Monroe,1.179,Alexis Ajinca,1.165,Marcin Gortat,1.16,Chris Kaman
Josh Smith,1.268,Andrew Wiggins,1.258,Jimmy Butler,1.255,Kevin Durant
Shawne Williams,1.158,Nicolas Batum,1.146,Justin Holiday,1.108,Jae Crowder
Reggie Jackson,1.269,Rudy Gay,1.266,Kevin Durant,1.262,Jarrett Jack
DJ Augustin,1.242,Russell Westbrook,1.231,Khris Middleton,1.228,Evan Fournier
Brandon Jennings,1.227,Lou Williams,1.225,Ryan Anderson,1.223,Kyrie Irving
Jodie Meeks,1.266,Serge Ibaka,1.257,Jimmy Butler,1.257,Andrew Wiggins
Caron Butler,1.139,Mike Muscala,1.137,CJ Miles,1.126,JJ Redick
Spencer Dinwiddie,1.193,Samuel Dalembert,1.109,Russell Westbrook,1.091,Dennis Schroder
Kyle Singler,1.211,Beno Udrih,1.209,Jimmy Butler,1.201,Isaiah Thomas
Anthony Tolliver,1.116,Jordan Clarkson,1.106,Rodney Hood,1.103,Mike Conley
Cartier Martin,0.989,Ramon Sessions,0.942,Nik Stauskas,0.917,Omri Casspi
John Lucas III,1.153,Evan Turner,1.138,Brandon Knight,1.12,Kentavious CaldwellPope
Quincy Miller,0.923,James Ennis,0.918,Chris Copeland,0.878,Kyle Anderson
Andre Roberson,1.172,Dante Exum,1.035,Dewayne Dedmon,1.011,Joe Harris
Steven Adams,1.154,Glen Davis,1.15,Cole Aldrich,1.128,Shawn Marion
Kevin Durant,1.279,Jimmy Butler,1.267,Rudy Gay,1.266,Reggie Jackson
Serge Ibaka,1.266,Jodie Meeks,1.265,Jimmy Butler,1.264,Carmelo Anthony
Russell Westbrook,1.252,Klay Thompson,1.251,Reggie Jackson,1.251,Kevin Martin
Perry Jones,1.129,Tyler Ennis,1.126,Jodie Meeks,1.123,Greivis Vasquez
Jeremy Lamb,1.171,Wilson Chandler,1.17,Manu Ginobili,1.162,Danny Green
Anthony Morrow,1.256,Deron Williams,1.248,Jared Sullinger,1.245,Klay Thompson
Nick Collison,1.107,Kyle Lowry,1.102,Austin Rivers,1.099,PJ Tucker
Mitch McGary,1.126,Shaun Livingston,1.12,Zaza Pachulia,1.102,Tristan Thompson
Sebastian Telfair,1.073,Udonis Haslem,1.018,Justin Hamilton,1.018,Isaiah Canaan
Ish Smith,1.091,Goran Dragic,1.089,Amare Stoudemire,1.085,Andrew Bogut
Enes Kanter,1.243,Kawhi Leonard,1.241,Wilson Chandler,1.241,Rudy Gay
Grant Jerrett,0.964,Charles Hayes,0.963,Nick Johnson,0.939,Travis Wear
Steve Novak,0.802,Shannon Brown,0.768,Victor Claver,0.65,Anthony Bennett
Nerlens Noel,1.206,Marcin Gortat,1.175,Derrick Favors,1.169,Alexis Ajinca
JaKarr Sampson,1.13,Tyler Hansbrough,1.1,Otto Porter,1.088,Wesley Johnson
KJ McDaniels,1.187,Rajon Rondo,1.179,Bradley Beal,1.178,Zach LaVine
Malcolm Thomas,1.154,Dahntay Jones,1.113,Joffrey Lauvergne,1.074,Earl Clark
Michael CarterWilliams,1.235,Andrew Wiggins,1.23,Luol Deng,1.227,Rudy Gay
Thomas Robinson,1.12,Ray McCallum,1.115,Joel Freeland,1.086,Anthony Davis
Robert Covington,1.155,Isaiah Thomas,1.155,Draymond Green,1.152,Rodney Hood
Jerami Grant,1.098,Mike Dunleavy,1.07,Jonas Jerebko,1.064,Jared Dudley
Hollis Thompson,1.24,James Harden,1.205,Stephen Curry,1.205,Alan Anderson
Henry Sims,1.228,Tim Duncan,1.223,David West,1.213,Anthony Davis
Isaiah Canaan,1.152,Chris Copeland,1.112,Danny Green,1.093,KJ McDaniels
Jason Richardson,1.068,Goran Dragic,1.054,John Wall,1.05,Robert Covington
Luc Mbah a Moute,1.175,Brandon Knight,1.17,Tim Hardaway Jr,1.166,Wesley Johnson
Tony Wroten,1.123,Joey Dorsey,1.09,Rudy Gobert,1.09,Jack Cooley
Tim Frazier,1.023,Cleanthony Early,0.999,Rajon Rondo,0.976,Ray McCallum
Malcolm Lee,0.919,Eric Moreland,0.531,Sim Bhullar,0.125,Miroslav Raduljica
Furkan Aldemir,1.017,Jerome Jordan,0.952,Jeff Ayres,0.952,Iman Shumpert
Chris Johnson,1.195,Matt Barnes,1.172,Henry Walker,1.083,Hedo Turkoglu
Larry Drew,1.052,Toney Douglas,1.016,Sean Kilpatrick,0.999,Devin Harris
Drew Gordon,1.056,Tony Wroten,0.976,JaVale McGee,0.966,Maurice Harkless
Dewayne Dedmon,1.104,Dante Exum,1.061,Mason Plumlee,1.058,Joakim Noah
Victor Oladipo,1.265,Jimmy Butler,1.252,Andrew Wiggins,1.246,Kevin Durant
Aaron Gordon,1.077,James Johnson,1.065,Doug McDermott,1.063,Will Barton
Maurice Harkless,1.082,Nick Johnson,1.036,Trevor Ariza,1.034,Dwight Howard
Nikola Vucevic,1.236,Nene,1.236,Brook Lopez,1.236,Anthony Davis
Tobias Harris,1.257,Jimmy Butler,1.251,Luol Deng,1.251,Bradley Beal
Evan Fournier,1.228,DJ Augustin,1.224,Marvin Williams,1.178,Monta Ellis
Willie Green,1.141,Andre Iguodala,1.137,Tony Snell,1.133,JJ Redick
Elfrid Payton,1.216,Kobe Bryant,1.213,Tobias Harris,1.206,Andrew Wiggins
Channing Frye,1.124,Mike Scott,1.122,Mike Conley,1.116,Lou Williams
Kyle OQuinn,1.204,Austin Rivers,1.191,Manu Ginobili,1.191,Jerryd Bayless
Devyn Marble,0.927,Bismack Biyombo,0.922,Kenyon Martin,0.918,James Johnson
Ben Gordon,1.184,Mario Chalmers,1.181,Jamal Crawford,1.176,Danny Green
Luke Ridnour,1.184,Kentavious CaldwellPope,1.171,Darren Collison,1.166,Beno Udrih
Andrew Nicholson,1.18,Norris Cole,1.169,OJ Mayo,1.168,Tayshaun Prince
Robin Lopez,1.225,Chris Kaman,1.218,Jonas Valanciunas,1.215,Marcin Gortat
Nicolas Batum,1.198,Jae Crowder,1.167,Marcus Smart,1.165,Kyle Lowry
LaMarcus Aldridge,1.26,LeBron James,1.254,Kawhi Leonard,1.252,Marc Gasol
Damian Lillard,1.24,Bradley Beal,1.239,Courtney Lee,1.237,Eric Bledsoe
Allen Crabbe,1.081,Kyle Korver,1.024,Marcus Smart,1.015,Tyreke Evans
Meyers Leonard,1.183,Ryan Anderson,1.181,Chandler Parsons,1.161,Jonas Jerebko
Victor Claver,0.768,Steve Novak,0.753,Shayne Whittington,0.752,Shannon Brown
Chris Kaman,1.264,Carlos Boozer,1.254,Brook Lopez,1.249,Michael KiddGilchrist
Wesley Matthews,1.261,Dwyane Wade,1.254,Kobe Bryant,1.252,Reggie Jackson
Dorell Wright,1.111,Thabo Sefolosha,1.055,Tim Hardaway Jr,1.053,Luc Mbah a Moute
Joel Freeland,1.177,Kevin Seraphin,1.166,Jason Thompson,1.152,Anthony Davis
CJ McCollum,1.238,Chris Bosh,1.214,Thaddeus Young,1.21,Kevin Durant
Steve Blake,1.164,Ersan Ilyasova,1.155,Jordan Farmar,1.145,Justin Holiday
Markieff Morris,1.266,Chris Paul,1.264,Kevin Durant,1.262,Jimmy Butler
Miles Plumlee,1.164,Nerlens Noel,1.141,Marcin Gortat,1.123,Alexis Ajinca
Marcus Morris,1.265,Terrence Ross,1.259,Stephen Curry,1.253,JJ Redick
Alex Len,1.147,Elfrid Payton,1.095,Brandon Bass,1.092,Jabari Parker
Archie Goodwin,0.977,Trevor Ariza,0.973,Luol Deng,0.972,Michael CarterWilliams
Gerald Green,1.253,Kawhi Leonard,1.252,Dirk Nowitzki,1.25,Chris Bosh
Eric Bledsoe,1.256,Rudy Gay,1.253,Jimmy Butler,1.249,Bradley Beal
PJ Tucker,1.218,Wesley Johnson,1.202,Chandler Parsons,1.199,Paul Millsap
Goran Dragic,1.263,Wilson Chandler,1.246,Reggie Jackson,1.245,Eric Bledsoe
TJ Warren,1.148,Kevin Seraphin,1.137,Kemba Walker,1.136,Chris Paul
Brandon Knight,1.257,Gordon Hayward,1.24,Kevin Durant,1.24,Deron Williams
Zoran Dragic,1.128,Dahntay Jones,1.126,Bruno Caboclo,1.118,Reggie Bullock
Tyler Ennis,1.129,Perry Jones,1.112,Greivis Vasquez,1.102,Donald Sloan
Reggie Bullock,1.118,Zoran Dragic,1.103,Elliot Williams,1.103,Dahntay Jones
Earl Barron,0.859,Jerami Grant,0.846,Shabazz Napier,0.834,Ricky Rubio
Jerel McNeal,0.738,Jarnell Stokes,0.686,Sebastian Telfair,0.662,Festus Ezeli
Seth Curry,0.61,Andre Dawkins,0.408,David Wear,0.302,Steve Novak
Chris Andersen,1.059,Andrew Nicholson,1.037,Gerald Henderson,1.034,Danny Granger
Hassan Whiteside,1.181,Gorgui Dieng,1.128,Kevin Garnett,1.115,Markieff Morris
Tyler Johnson,1.123,Vince Carter,1.123,Bojan Bogdanovic,1.114,Quincy Pondexter
James Ennis,1.155,Chris Copeland,1.109,Pablo Prigioni,1.106,Bojan Bogdanovic
Chris Bosh,1.266,Deron Williams,1.259,Kevin Durant,1.254,Arron Afflalo
Josh McRoberts,1.041,Dante Exum,0.999,Andre Roberson,0.99,Dewayne Dedmon
Udonis Haslem,1.101,Dwyane Wade,1.098,David West,1.087,DeMar DeRozan
Michael Beasley,1.239,Jarrett Jack,1.234,Reggie Jackson,1.231,Jeff Green
Dwyane Wade,1.261,Wesley Matthews,1.26,Reggie Jackson,1.251,Joe Johnson
Mario Chalmers,1.264,George Hill,1.261,Terrence Ross,1.254,Stephen Curry
Henry Walker,1.172,Chris Johnson,1.069,Matt Barnes,1.016,Hedo Turkoglu
Shannon Brown,1.186,Bruno Caboclo,1.013,Sean Kilpatrick,0.985,Landry Fields
Luol Deng,1.254,Reggie Jackson,1.254,Jarrett Jack,1.251,Tobias Harris
Shabazz Napier,1.084,Shawne Williams,1.072,Nicolas Batum,1.043,Jared Dudley
Norris Cole,1.241,Klay Thompson,1.24,Dirk Nowitzki,1.238,Markieff Morris
Danny Granger,1.111,Nate Robinson,1.105,Gerald Henderson,1.092,Gerald Green
Andre Dawkins,0.61,Seth Curry,0.582,Steve Novak,0.455,Lester Hudson
Ben McLemore,1.205,Rodney Stuckey,1.198,Paul Millsap,1.198,LaMarcus Aldridge
Derrick Williams,1.205,Marcus Smart,1.203,Andrew Wiggins,1.194,Isaiah Thomas
Rudy Gay,1.269,Reggie Jackson,1.267,Kevin Durant,1.264,Jimmy Butler
DeMarcus Cousins,1.242,Dirk Nowitzki,1.24,Andrew Wiggins,1.235,Jordan Hill
Ryan Hollins,1.144,Nate Wolters,1.078,Jonas Valanciunas,1.065,Charles Hayes
Ray McCallum,1.208,Dwyane Wade,1.203,Wesley Matthews,1.201,Kemba Walker
Jason Thompson,1.234,Marc Gasol,1.228,Brook Lopez,1.212,Derrick Rose
Omri Casspi,1.096,Devin Harris,1.094,Manu Ginobili,1.085,DeMarre Carroll
Ramon Sessions,1.157,Will Barton,1.145,Carmelo Anthony,1.144,Boris Diaw
Reggie Evans,1.09,Tarik Black,0.998,Mason Plumlee,0.943,Rudy Gobert
Darren Collison,1.247,James Harden,1.243,Kentavious CaldwellPope,1.236,Norris Cole
Nik Stauskas,1.113,Quincy Acy,1.106,Luc Mbah a Moute,1.084,Mike Conley
Andre Miller,1.175,Jamal Crawford,1.152,Greivis Vasquez,1.149,Kemba Walker
Carl Landry,1.239,Michael KiddGilchrist,1.23,Carlos Boozer,1.222,Chris Kaman
David Stockton,0.898,Alex Kirk,0.797,Glen Rice Jr,0.747,Zoran Dragic
Sim Bhullar,1.126,Eric Moreland,0.884,Will Cherry,0.868,Miroslav Raduljica
Eric Moreland,1.126,Sim Bhullar,0.919,Malcolm Lee,0.796,Miroslav Raduljica
David Wear,0.671,Lucas Nogueira,0.45,Andrei Kirilenko,0.408,Seth Curry
Terrence Ross,1.265,Marcus Morris,1.261,Mario Chalmers,1.254,Stephen Curry
Patrick Patterson,1.239,Mario Chalmers,1.236,Joe Johnson,1.233,Wesley Matthews
Amir Johnson,1.224,Mario Chalmers,1.21,Rodney Hood,1.199,Gordon Hayward
James Johnson,1.163,Robin Lopez,1.163,Jeremy Lin,1.147,Mario Chalmers
Lucas Nogueira,1.034,Clint Capela,0.988,Bernard James,0.84,Rudy Gobert
Jonas Valanciunas,1.218,Robin Lopez,1.204,Aron Baynes,1.197,Marcin Gortat
DeMar DeRozan,1.241,Lance Thomas,1.24,Kawhi Leonard,1.239,Andrew Wiggins
Bruno Caboclo,1.186,Shannon Brown,1.126,Zoran Dragic,1.099,Sean Kilpatrick
Landry Fields,1.141,Jeremy Evans,1.007,Alex Len,0.988,Bruno Caboclo
Greg Stiemsma,0.987,Jerome Jordan,0.933,Ed Davis,0.916,Cole Aldrich
Tyler Hansbrough,1.13,JaKarr Sampson,1.128,Jeff Withey,1.063,Anderson Varejao
Lou Williams,1.259,Deron Williams,1.254,Mike Conley,1.249,JJ Redick
Kyle Lowry,1.253,Paul Millsap,1.253,Jerryd Bayless,1.251,Kyrie Irving
Greivis Vasquez,1.251,Jimmy Butler,1.248,JJ Redick,1.247,Terrence Ross
Louis Williams,0.754,Xavier Henry,0.69,Ish Smith,0.679,Iman Shumpert
Charles Hayes,1.065,Ryan Hollins,1.019,Tiago Splitter,1.006,Steven Adams
Otto Porter,1.241,Klay Thompson,1.241,Evan Turner,1.241,Anthony Morrow
Marcin Gortat,1.245,Alexis Ajinca,1.239,Anthony Davis,1.215,Robin Lopez
John Wall,1.26,LeBron James,1.247,Jamal Crawford,1.243,Rudy Gay
Martell Webster,0.983,Richard Jefferson,0.978,Leandro Barbosa,0.928,Alec Burks
Rasual Butler,1.232,Goran Dragic,1.216,Reggie Jackson,1.209,Tony Parker
Bradley Beal,1.265,Kevin Durant,1.265,Jimmy Butler,1.257,Klay Thompson
Kevin Seraphin,1.249,Anthony Davis,1.215,Brook Lopez,1.212,Roy Hibbert
Kris Humphries,1.217,Brook Lopez,1.208,Marc Gasol,1.207,Beno Udrih
Garrett Temple,1.094,Kirk Hinrich,1.079,Kyle Singler,1.071,Damian Lillard
Nene,1.236,Nikola Vucevic,1.195,Trevor Booker,1.174,Kemba Walker
Paul Pierce,1.239,Langston Galloway,1.231,JJ Redick,1.23,Dirk Nowitzki
Toure Murry,1.13,Dahntay Jones,1.123,Jack Cooley,1.11,Zoran Dragic
Drew Gooden,1.225,Jared Dudley,1.223,Terrence Ross,1.223,Arron Afflalo
Glen Rice Jr,1.071,Toure Murry,1.049,Chris DouglasRoberts,0.987,Dahntay Jones
DeJuan Blair,1.052,Festus Ezeli,1.018,Nick Calathes,0.999,Udonis Haslem
Will Bynum,1.019,Will Barton,0.989,Darius Morris,0.964,Mason Plumlee
John Henson,1.191,Mason Plumlee,1.091,Cole Aldrich,1.074,Steven Adams
Giannis Antetokounmpo,1.23,Gordon Hayward,1.226,Jodie Meeks,1.221,Markieff Morris
Jerryd Bayless,1.253,Kyle Lowry,1.241,Jordan Hill,1.237,Paul Millsap
Kenyon Martin,0.982,Aaron Gordon,0.922,Devyn Marble,0.857,James Johnson
Larry Sanders,1.01,Udonis Haslem,1.003,Jeff Adrien,0.973,Rajon Rondo
Jabari Parker,1.178,Gerald Henderson,1.147,Jimmy Butler,1.145,Rudy Gay
Ersan Ilyasova,1.184,Drew Gooden,1.17,Tim Hardaway Jr,1.17,Shane Larkin
Khris Middleton,1.256,Kawhi Leonard,1.242,Russell Westbrook,1.242,Kobe Bryant
Nate Wolters,1.144,Ryan Hollins,1.112,Jonas Valanciunas,1.058,Robin Lopez
OJ Mayo,1.26,Rudy Gay,1.246,Klay Thompson,1.244,Reggie Jackson
Jared Dudley,1.225,Drew Gooden,1.219,Terrence Ross,1.216,Kyrie Irving
Zaza Pachulia,1.211,Michael KiddGilchrist,1.197,Anthony Davis,1.19,Shaun Livingston
Johnny OBryant,1.136,Dante Cunningham,1.091,Gigi Datome,1.075,Kirk Hinrich
Kendall Marshall,1.058,Caron Butler,1.032,Elton Brand,1.023,Johnny OBryant
Rudy Gobert,1.219,Joey Dorsey,1.145,Clint Capela,1.144,Bernard James
Jeremy Evans,1.141,Landry Fields,1.075,Tony Wroten,1.052,Zoran Dragic
Gordon Hayward,1.269,Klay Thompson,1.261,Jimmy Butler,1.258,Markieff Morris
Derrick Favors,1.209,Dwyane Wade,1.207,Reggie Jackson,1.2,Anthony Davis
Trevor Booker,1.211,DJ Augustin,1.203,Justin Hamilton,1.195,Nene
Bryce Cotton,1.048,Patrick Patterson,1.047,Mario Chalmers,1.04,Brandon Knight
Trey Burke,1.263,JJ Redick,1.253,Terrence Ross,1.25,George Hill
Alec Burks,1.233,Eric Gordon,1.228,Kobe Bryant,1.226,LeBron James
Joe Ingles,1.214,Avery Bradley,1.174,Jason Smith,1.164,Terrence Ross
Elijah Millsap,1.147,Austin Rivers,1.138,Patrick Beverley,1.118,Stephen Curry
Dante Exum,1.172,Andre Roberson,1.118,Ben McLemore,1.104,Dewayne Dedmon
Rodney Hood,1.237,Tobias Harris,1.235,Gordon Hayward,1.226,Mario Chalmers
Patrick Christopher,0.924,James Jones,0.851,Jerami Grant,0.767,Mike Miller
Jack Cooley,1.179,Dahntay Jones,1.123,Toure Murry,1.09,Tony Wroten
Elliot Williams,1.104,Earl Clark,1.103,Reggie Bullock,0.999,James Ennis
Anthony Davis,1.262,Brook Lopez,1.259,Michael KiddGilchrist,1.249,Kevin Seraphin
Austin Rivers,1.256,LeBron James,1.254,Jarrett Jack,1.25,Kyle Lowry
Alexis Ajinca,1.245,Marcin Gortat,1.212,Anthony Davis,1.207,Brook Lopez
Dante Cunningham,1.179,Kirk Hinrich,1.14,Darrell Arthur,1.136,Johnny OBryant
Jeff Withey,1.145,Anderson Varejao,1.128,Tyler Hansbrough,1.038,Taj Gibson
Omer Asik,1.102,JaVale McGee,1.098,Andre Drummond,1.004,Kendrick Perkins
Tyreke Evans,1.211,Zach LaVine,1.179,Paul Millsap,1.175,Kyle Lowry
Jrue Holiday,1.25,Reggie Jackson,1.246,Rudy Gay,1.236,Kevin Durant
Ryan Anderson,1.23,Tony Parker,1.229,Jeff Green,1.227,Wesley Matthews
Eric Gordon,1.233,Alec Burks,1.226,Kobe Bryant,1.224,Rodney Stuckey
Luke Babbitt,1.157,Tobias Harris,1.155,Wesley Matthews,1.135,Blake Griffin
Toney Douglas,1.052,Larry Drew,1.036,Omri Casspi,1.025,Sean Kilpatrick
Quincy Pondexter,1.222,Mike Conley,1.218,Andrew Wiggins,1.214,Lou Williams
John Salmons,0.967,Henry Walker,0.935,Harrison Barnes,0.906,Vince Carter
Jimmer Fredette,1.073,Adreian Payne,1.065,David West,1.06,Paul Pierce
Gal Mekel,0.995,Greg Smith,0.859,Jarnell Stokes,0.788,Glen Davis
Darius Miller,0.72,Quincy Miller,0.611,DeJuan Blair,0.557,Charles Hayes
Russ Smith,0.965,Raymond Felton,0.964,Joel Anthony,0.903,Will Bynum
Ian Mahinmi,1.018,Glen Davis,1.016,Brandan Wright,1.015,Kirk Hinrich
CJ Miles,1.247,Greivis Vasquez,1.245,JJ Redick,1.241,Trey Burke
Solomon Hill,1.223,Deron Williams,1.215,Anthony Morrow,1.209,Otto Porter
Rodney Stuckey,1.259,Deron Williams,1.257,Jose Juan Barea,1.254,Mo Williams
CJ Watson,1.244,James Harden,1.226,Trey Burke,1.226,Terrence Ross
Luis Scola,1.209,Reggie Jackson,1.208,Kobe Bryant,1.205,Thaddeus Young
Donald Sloan,1.191,Chase Budinger,1.175,CJ Miles,1.161,Alan Anderson
George Hill,1.264,Mario Chalmers,1.253,Chris Paul,1.252,Reggie Jackson
Chris Copeland,1.163,Trevor Ariza,1.155,James Ennis,1.152,Isaiah Canaan
Damjan Rudez,1.144,Dion Waiters,1.142,Darren Collison,1.126,Harrison Barnes
David West,1.223,Henry Sims,1.222,Roy Hibbert,1.221,Brook Lopez
Roy Hibbert,1.231,Anthony Davis,1.224,Brook Lopez,1.222,David West
Lavoy Allen,1.217,Marc Gasol,1.208,Lance Thomas,1.191,Shane Larkin
Paul George,0.972,Iman Shumpert,0.911,Jordan Adams,0.894,Furkan Aldemir
Shayne Whittington,1.005,Jared Cunningham,0.903,Troy Daniels,0.896,Jerami Grant
Blake Griffin,1.257,Rudy Gay,1.251,Kawhi Leonard,1.25,Jimmy Butler
DeAndre Jordan,0.967,Festus Ezeli,0.964,Trevor Booker,0.952,Justin Hamilton
Matt Barnes,1.195,Chris Johnson,1.129,Josh Smith,1.129,Harrison Barnes
Spencer Hawes,1.202,Kevin Love,1.173,Markieff Morris,1.171,Goran Dragic
Glen Davis,1.16,Kevin Seraphin,1.154,Steven Adams,1.135,Aron Baynes
Jamal Crawford,1.257,Rudy Gay,1.253,Gerald Henderson,1.249,Jarrett Jack
Chris Paul,1.266,Markieff Morris,1.266,Deron Williams,1.257,Mike Conley
JJ Redick,1.263,Trey Burke,1.254,Andrew Wiggins,1.253,Kyrie Irving
Chris DouglasRoberts,1.077,Toure Murry,1.051,Bernard James,1.049,Glen Rice Jr
Jordan Farmar,1.155,Steve Blake,1.087,Kyle Singler,1.082,Ersan Ilyasova
Hedo Turkoglu,1.083,Chris Johnson,1.082,Damjan Rudez,1.053,Robert Covington
Jared Cunningham,1.005,Shayne Whittington,0.921,Jerami Grant,0.92,Joe Harris
Lester Hudson,0.981,Tony Wroten,0.933,Drew Gordon,0.854,Jeremy Evans
CJ Wilcox,0.872,Nicolas Batum,0.828,Jae Crowder,0.824,Marcus Smart
Dahntay Jones,1.179,Jack Cooley,1.154,Malcolm Thomas,1.13,Toure Murry
Jordan Hamilton,0.98,Glen Rice Jr,0.976,Tony Wroten,0.955,Chris DouglasRoberts
Ekpe Udoh,0.993,Shawn Marion,0.98,Ish Smith,0.977,Amare Stoudemire
Aron Baynes,1.204,Jonas Valanciunas,1.201,Marcin Gortat,1.2,Alexis Ajinca
Kawhi Leonard,1.263,Deron Williams,1.261,Kevin Durant,1.26,Markieff Morris
Jeff Ayres,1.093,Tristan Thompson,1.089,Mitch McGary,1.045,Ed Davis
Tim Duncan,1.228,Henry Sims,1.226,Jordan Hill,1.202,Al Horford
Marco Belinelli,1.23,Beno Udrih,1.225,Ty Lawson,1.223,Chris Paul
Boris Diaw,1.216,Jamal Crawford,1.21,Jeff Green,1.195,Jrue Holiday
Danny Green,1.234,Manu Ginobili,1.233,Mike Conley,1.223,Jeff Green
Manu Ginobili,1.247,Rudy Gay,1.238,Austin Rivers,1.234,Kyle Lowry
Tony Parker,1.26,Joe Johnson,1.253,Rodney Stuckey,1.252,LeBron James
Cory Joseph,1.235,Evan Turner,1.234,Reggie Jackson,1.229,Rudy Gay
Tiago Splitter,1.082,Nazr Mohammed,1.081,Glen Davis,1.076,Joel Anthony
Reggie Williams,0.984,Terrence Jones,0.979,Maurice Harkless,0.971,Miles Plumlee
Kyle Anderson,1.154,Ronnie Price,1.074,Derrick Favors,1.057,DeMar DeRozan
Matt Bonner,1.13,Trevor Booker,1.13,DJ Augustin,1.125,Rajon Rondo
Patty Mills,1.223,Eric Bledsoe,1.185,CJ Miles,1.174,Josh Smith
JaMychal Green,0.98,Nick Johnson,0.974,Erick Green,0.969,Maurice Harkless
Dwight Howard,1.034,Maurice Harkless,1.029,Rudy Gobert,0.984,Nick Calathes
Joey Dorsey,1.219,Rudy Gobert,1.149,Tarik Black,1.123,Tony Wroten
Clint Capela,1.234,Bernard James,1.145,Rudy Gobert,1.034,Lucas Nogueira
Terrence Jones,1.087,Steven Adams,1.051,Rodney Hood,1.051,Bismack Biyombo
James Harden,1.247,Darren Collison,1.246,Kentavious CaldwellPope,1.245,Bradley Beal
Kostas Papanikolaou,1.09,Ryan Kelly,1.05,DeMarre Carroll,1.045,Omri Casspi
Nick Johnson,1.082,Maurice Harkless,1.051,John Henson,0.99,Charles Hayes
Donatas Motiejunas,1.153,Boris Diaw,1.141,Nick Calathes,1.138,Patrick Patterson
Patrick Beverley,1.148,Jeff Teague,1.144,Austin Rivers,1.138,Elijah Millsap
Trevor Ariza,1.181,Tim Hardaway Jr,1.178,Kent Bazemore,1.176,Jonas Jerebko
Jason Terry,1.222,Chris Bosh,1.22,Anthony Morrow,1.216,Lou Williams
Francisco Garcia,0.953,Landry Fields,0.874,Chris Andersen,0.868,Garrett Temple
Kosta Koufos,1.204,Amare Stoudemire,1.2,Roy Hibbert,1.183,Robin Lopez
Jon Leuer,1.19,Ty Lawson,1.186,Vince Carter,1.184,Jodie Meeks
Marc Gasol,1.252,LaMarcus Aldridge,1.245,Lance Thomas,1.242,Jordan Hill
Courtney Lee,1.246,Klay Thompson,1.243,Eric Bledsoe,1.24,Kyrie Irving
Tony Allen,1.157,Pau Gasol,1.154,Michael CarterWilliams,1.153,Andrew Wiggins
Vince Carter,1.186,Jon Leuer,1.18,Jodie Meeks,1.166,Gordon Hayward
Mike Conley,1.263,Klay Thompson,1.261,Deron Williams,1.259,Jimmy Butler
Nick Calathes,1.167,Jonas Valanciunas,1.163,Thaddeus Young,1.151,Bojan Bogdanovic
Beno Udrih,1.231,Gordon Hayward,1.23,Marco Belinelli,1.23,Kentavious CaldwellPope
Zach Randolph,1.235,Pau Gasol,1.229,Enes Kanter,1.229,Austin Rivers
Jordan Adams,1.096,Draymond Green,1.087,Mike Muscala,1.063,KJ McDaniels
Jarnell Stokes,0.96,Joakim Noah,0.957,Festus Ezeli,0.919,Nick Calathes
Kalin Lucas,0.217,Lucas Nogueira,0.171,Darius Miller,0.082,Xavier Henry
Tyrus Thomas,0.554,Bismack Biyombo,0.545,James Michael McAdoo,0.532,Shavlik Randolph